id,Domain,Status,Attractiveness,Demand,Length,Registrar,Created,Expires
3e243e90-bdb9-4904-a997-0ee74e8e3071,abandoned.broker,available,58,12,9,,,
0108444b-9f92-4003-bcde-019531188ff4,abdominal.broker,available,82,3,9,,,
217f0d67-9b22-4ac7-b000-4c8cb71320ad,abhorrent.broker,available,54,2,9,,,
e03e207e-a5e7-4457-92be-8320c4334f50,abiding.broker,available,106,7,7,,,
ca33e356-bed3-49e4-81aa-a68da3f360f7,able.broker,available,80,32,4,,,
803564ce-76fd-489e-85cb-378797273dd0,abnormal.broker,available,74,16,8,,,
d550f2f8-d09d-48bb-a721-6ea1f07b2249,above.broker,available,112,22,5,,,
2dde1607-7151-403c-b3d5-7c1f5cb413ef,abroad.broker,available,92,12,6,,,
97cf576f-9c05-4263-9de8-af58d08db8a0,absent.broker,available,102,11,6,,,
8a3fc16e-3f59-40e9-9312-87b5ce49fe30,absolute.broker,available,80,29,8,,,
ab239a88-203f-455c-a1e2-9a8d1eef63d4,absorbed.broker,available,72,3,8,,,
ae6e2fe8-0195-4de7-b1db-72324a0d9eed,absorbing.broker,available,70,4,9,,,
44cbd013-a605-449b-83b8-a76cbe1344e5,abstract.broker,available,108,32,8,,,
850eab48-7105-42b0-acf4-cfb9c9358fb7,abundant.broker,available,80,20,8,,,
37fbb0e0-1fc0-403c-a9b1-e001c049fb93,academic.broker,available,96,21,8,,,
a7564e24-dddd-491b-b66b-9e1a6bda6dcd,acappella.broker,available,66,7,10,,,
7251aaf4-0247-4b9f-8411-aa3c705db580,acceptable.broker,available,78,7,10,,,
2f849440-fa6e-4e44-91b9-8870a0f5d0e5,accepted.broker,available,78,9,8,,,
fb47c8d3-02f2-4bbe-bd2d-2829ed3ec390,accepting.broker,available,74,4,9,,,
c663903f-6dfa-4800-b8be-2609c2950a00,accessible.broker,available,78,23,10,,,
a054b5de-c5ef-4f6b-9da9-62ed82b7942d,accessory.broker,available,84,9,9,,,
3cb4abdb-79dc-4424-aee5-a2aeccb0ce32,accredited.broker,available,68,11,10,,,
7adddb7d-47c4-4fb6-8133-7b898bc47c51,accurate.broker,available,78,18,8,,,
df452cd0-716c-43f1-8a91-b812f5b85f36,accustomed.broker,available,72,2,10,,,
cb568217-e8ec-4f60-bb9b-b068804ace53,achievable.broker,available,74,5,10,,,
673d014d-c6ff-4fd5-a1c1-63cc7fe2d902,acting.broker,available,84,14,6,,,
ff03e437-0b3a-45d8-8d4b-986ab5c534b4,actionable.broker,available,88,13,10,,,
05e74ca5-c572-4473-9ae0-805f039f7bda,activated.broker,available,74,11,9,,,
f48239c2-535f-4e30-8f5f-296d0a61c6da,activist.broker,available,88,13,8,,,
2d8544f1-bcde-4132-9791-017bfe3d27b1,actual.broker,available,96,26,6,,,
c63597cf-61ef-47ed-b68c-118a4c7b1903,acute.broker,available,112,12,5,,,
0f84fdcd-aa75-4d9a-b653-94041de0b2cd,adaptable.broker,available,76,10,9,,,
bfc0e737-e878-4456-af43-42e3c33b311a,adaptative.broker,available,72,3,10,,,
3a609954-2ce8-449e-866c-74f4dcb7bdf7,adapted.broker,available,74,8,7,,,
5e6e8005-747e-4650-8a44-3c343249d2e5,adaptive.broker,available,76,32,8,,,
10394702-99ba-4841-b894-34b78c6ca80e,addicted.broker,available,72,12,8,,,
e02ce4ff-b68c-430a-9733-91d69aa54b93,addictive.broker,available,90,11,9,,,
58a7ab0b-e349-4a37-89f6-93a77eded1d6,additional.broker,available,90,9,10,,,
cf8a4130-3919-4940-86cc-99662a30c17f,adept.broker,available,92,27,5,,,
63621bc0-c82f-4610-a91a-529aff40761c,adequate.broker,available,94,11,8,,,
8da84e62-ea0e-43a3-8e20-5acef4013d7c,adjustable.broker,available,84,5,10,,,
6914df8c-f4c6-482f-916e-ba805df76fa5,adjusted.broker,available,70,6,8,,,
09e7d090-699c-4ae6-9b1e-6f7b8a119e2f,admirable.broker,available,74,6,9,,,
766f3c7a-f84b-4956-b2d0-195a7d52e95a,admired.broker,available,70,6,7,,,
9948e565-2196-4086-8d1f-57fbe861ebe1,adolescent.broker,available,86,6,10,,,
3dfe8261-9a8f-4c98-b960-07c985ab6900,adorable.broker,available,78,11,8,,,
7bfd9666-1c16-43be-b623-0abff08d027e,adored.broker,available,70,6,6,,,
1ee582be-f42b-41c0-b698-37aa5a42a0a0,adoring.broker,available,90,4,7,,,
2233ef40-2ef7-4816-a6f8-249f8a72b5db,adroit.broker,available,72,15,6,,,
424880d5-4131-4a90-8831-cd3b086c1e4a,advance.broker,available,110,29,7,,,
c7452005-4bc3-448c-a696-5c68ac1f9edd,advanced.broker,available,74,28,8,,,
21b4328d-9f98-4aa5-bcf1-7bdef89b4edc,advancing.broker,available,72,8,9,,,
0d46dc1c-1853-43a8-8bef-3b8e09bcc753,aerobic.broker,available,74,6,7,,,
8a3ee935-1439-4063-b4e8-311a2278b2d0,aesthetic.broker,available,88,29,9,,,
4f5bf3d0-4f45-4e6f-8b73-b095331bc559,affable.broker,available,80,5,7,,,
733d4925-800d-47a2-b0c6-7df4861655ad,affluent.broker,available,88,10,8,,,
f9a68058-523c-445f-a0b0-e91d96830b56,affordable.broker,available,70,23,10,,,
c3a26218-ecbd-461e-a949-86d1dc86aa31,after.broker,available,100,25,5,,,
ab11dbd3-de22-429a-8f0f-21aa9383bbd2,aged.broker,available,90,10,4,,,
6127fcd1-f0b2-49ec-abd9-7ca1798f2fc5,ageing.broker,available,86,6,6,,,
9264744c-4332-4eae-8850-56bf07fa28c7,aggressive.broker,available,84,7,10,,,
a4edc81a-7ef0-4b3e-b6fb-8d9e1d7ccfb4,agile.broker,available,92,42,5,,,
b51c4cfc-2171-4459-8361-9006d9f9736e,aging.broker,available,86,12,5,,,
2a141f29-79df-4698-9b21-6948c345a4d3,agnostic.broker,available,84,9,8,,,
86866466-0c73-4ad5-92c5-d510e7491bdf,ago.broker,available,66,19,3,,,
c19eea05-077f-4986-9deb-c8304f3467af,agreeable.broker,available,92,6,9,,,
dbaa23af-efe9-4b8a-9a70-b82622fb5e1d,agreed.broker,available,96,9,6,,,
36622160-48bb-4321-bc55-20f6e7e8180f,ahead.broker,available,76,24,5,,,
2b873126-4b7b-444d-9827-af1fa8e103c0,aided.broker,available,72,6,5,,,
5b355f0d-c38d-4b07-b5a6-bdaf72cf6642,alamode.broker,available,96,13,9,,,
dc55fa10-b1fd-4fbf-ba84-77477806c57c,alike.broker,available,80,11,5,,,
ceef8ae9-e231-476c-8060-b90a7bcbb49b,alkaline.broker,available,88,10,8,,,
20d4c132-952d-41cc-b046-84eff35c6c4f,alleged.broker,available,70,5,7,,,
2aecc662-00f6-46de-a8b2-3e82dd63bd19,allegro.broker,available,100,22,7,,,
1991a1d6-be84-47b6-9031-2ceed847ceb3,allergic.broker,available,84,5,8,,,
484044a7-3770-4cb4-b4ea-67b7ae92fc46,allied.broker,available,74,23,6,,,
eb7aade3-2f86-4841-ad56-01c64cda652f,allout.broker,available,84,8,7,,,
4e7a4cf3-0263-49de-9bd6-66e6db67798f,allright.broker,available,68,9,9,,,
f021c356-e934-4d73-89ee-9c14530ef30c,alltime.broker,available,72,12,8,,,
71270414-ef2b-4e3c-bdc9-90a3fa36a612,alluring.broker,available,88,5,8,,,
9323bb59-3b1d-4dd8-8c2c-63774cc9d240,alone.broker,available,78,15,5,,,
84075284-8502-469e-ab02-21ff0d01eb31,alpha.broker,resell,90,52,5,"NameCheap, Inc.",23/11/2024 08:41,23/11/2026 08:41
a9f9d5ce-7854-4953-a407-e33acf8b34e4,alphabetic.broker,available,66,3,10,,,
9abdc9a3-9d03-4851-942e-e7a4883a57bb,alphameric.broker,available,62,2,10,,,
d8c212b4-f349-46f9-a1d2-78bde1ce7e1b,alright.broker,available,106,12,7,,,
777f58fe-ec08-4862-9deb-4a9db914dabe,alterable.broker,available,80,3,9,,,
0ad57ef1-e671-473d-8196-5f07e8478ed2,alternate.broker,available,100,14,9,,,
e6bf319c-59f1-4791-baf8-b726de285b3a,altruistic.broker,available,74,7,10,,,
c34c3b5f-f1c6-485e-b4e7-790d7fbbf0c2,alveolar.broker,available,80,2,8,,,
ed7054c3-af6c-4dbc-95c1-abecb24c7fe6,amalgamate.broker,available,82,5,10,,,
d01de83c-8d58-4216-a580-f96a445c624c,amateur.broker,available,84,20,7,,,
96693e98-307e-4854-80f3-12974a29fb1f,amiable.broker,available,80,6,7,,,
66bc3203-9846-4092-a105-e94dd4496ad8,amorous.broker,available,72,7,7,,,
38eac99b-b730-4791-a3f8-d0be7547386c,around.broker,available,94,22,6,,,
f71f4594-9037-4dca-8049-9c1747ef3015,assisted.broker,available,68,9,8,,,
bd1cca36-cad3-4e48-b628-97b4ba1d61c2,athletic.broker,available,78,17,8,,,
fa119aac-8708-46b2-b767-889211470781,attach.broker,available,76,11,6,,,
2c7926de-49cd-415f-b859-53036edecdc4,attendant.broker,available,86,8,9,,,
53693daa-dc23-4ffe-9374-b8ddde32a6d4,before.broker,available,84,16,6,,,
1a82ca9b-4d33-4d92-864c-b452ab75a1ec,beguiling.broker,available,88,2,9,,,
f4e03e8e-374d-43c2-b424-2b29beb52417,below.broker,available,66,10,5,,,
45badd45-dbcd-4c2f-9334-f27337c82b56,bloody.broker,available,110,13,6,,,
c724b4cb-feb3-413f-8a95-139f70d21c44,brief.broker,available,124,21,5,,,
1a95a737-cd09-4d95-945c-484a1410a56b,broad.broker,available,74,15,5,,,
68c97e5e-ffb0-42d5-9a2d-ffe1791210ee,capable.broker,available,80,14,7,,,
8745214a-ff79-42f4-b864-d810eaf1517c,champion.broker,available,72,32,8,,,
ebd9785b-9cd3-4207-94a1-3a1f2321e65e,choice.broker,available,74,32,6,,,
b14d04ac-f111-41db-be5f-88d34c7d999e,cleared.broker,available,74,9,7,,,
cc5b1b99-1d1a-4a4f-8921-5efdb8074ec2,close.broker,available,72,21,5,,,
eabb317e-a223-438b-b38f-499505ebea41,closeto.broker,available,58,4,8,,,
32b5d9e7-c8ac-461c-be07-d104e2985b03,communist.broker,available,78,11,9,,,
8feb1c26-9742-4bf2-992e-5bc51b78800a,comp.broker,available,63,22,4,,,
e1cbeac6-2421-46a3-a881-8cb98e4d8241,compact.broker,available,115,16,7,,,
ae1ef8ed-d2ca-40d8-b2bc-cdbebe818aa2,comparable.broker,available,87,5,10,,,
0888c6b7-8872-4f2c-aecf-8370ef5e3d2f,compatible.broker,available,91,9,10,,,
044cb9b3-d9ee-408a-9653-65935be52456,compelling.broker,available,92,8,10,,,
51465ea7-5266-47a0-ba39-0722647627fb,competent.broker,available,73,9,9,,,
51cb6a4b-c7a2-4fec-a6d4-c2a46b5c9128,complete.broker,available,120,26,8,,,
10713d79-c9fd-432c-82aa-e021330d5fbf,completed.broker,available,74,6,9,,,
3d465de4-6b31-44ca-b52c-0bc968b1beb2,completely.broker,available,66,8,10,,,
59518984-880c-4f7a-93fa-a69e2fafc884,completing.broker,available,68,3,10,,,
78feb1fd-9e25-4b68-93f9-b7a22bce8bfc,complex.broker,available,111,23,7,,,
4de486ea-0358-479b-80b2-47d0b6438636,compliant.broker,available,69,12,9,,,
51f73c8d-0a78-4de4-8125-ba61352c3465,component.broker,available,84,19,9,,,
88278633-78f8-478d-bebc-b0b2d1c568ef,composed.broker,available,71,10,8,,,
411f64b9-cf00-49ff-9c68-b4604920b557,compound.broker,available,105,24,8,,,
b427fc4e-a5dd-4a30-b601-696f05471fd8,compressed.broker,available,65,5,10,,,
6bd7497a-3716-4d0a-b89d-b8564849c491,compulsory.broker,available,82,4,10,,,
fefde1d6-3e69-43c8-8dd3-1eb31d49c463,concealed.broker,available,59,7,9,,,
688d05d6-f3d0-44cb-bc6a-027603c755c7,concerned.broker,available,66,6,9,,,
4507fcdd-3abc-498c-8106-3106b9374589,concise.broker,available,93,13,7,,,
aff8029b-6d19-4cc1-8a07-846c85cebe13,conclusive.broker,premium,69,7,10,,,
d897ebe9-adc2-43f9-8dff-3eb462d168d3,concrete.broker,premium,102,32,8,,,
21ecfc2a-145e-4d92-b272-0f057165bc5d,confident.broker,available,93,17,9,,,
05e4bfa0-702f-4b47-970a-fcc6d84fbc82,confirmed.broker,available,69,11,9,,,
f1466b2a-f292-4d81-bea0-bb4c683ec924,confirming.broker,available,73,5,10,,,
052fcf5f-e938-48d1-ba95-94d85642c20e,confusing.broker,available,61,6,9,,,
de17bd35-9f19-4f1a-a4fa-1c562cacc240,consider.broker,available,74,9,8,,,
10a60389-7bd8-4bea-b2bb-d0e6896eb31f,considered.broker,available,71,9,10,,,
ebdaa88a-6b8b-49a0-ba0b-e5d90f79e959,consuming.broker,available,82,3,9,,,
67834954-1162-4361-9168-852c752297b8,consummate.broker,available,88,2,10,,,
d1d89017-53ad-406a-ba86-b4cf0aa3700d,contained.broker,available,64,7,9,,,
e23971c8-5399-4725-aa85-72f386080489,content.broker,resell,138,39,7,"Soluciones Corporativas IP, SL",13/03/2018 10:39,13/03/2026 23:59
1a924974-ffb1-40af-a1b1-01ccc85a9531,contented.broker,available,70,8,9,,,
7e1cbb98-16bc-4f60-854e-1cceb4dabc59,contested.broker,available,60,5,9,,,
9a210c86-ccc5-4cae-a103-18edf36d7281,contingent.broker,available,80,9,10,,,
0834cf48-31fe-4d9e-8ceb-ca4e61571d3d,continual.broker,available,66,6,9,,,
ceefc0c1-2a37-4fc1-8e26-d17615d9b426,continued.broker,available,86,5,9,,,
07489f75-2835-4087-adca-ea6567e53f6d,continuing.broker,available,70,5,10,,,
b429aabf-f18c-4064-b0be-e649e7ce480d,continuous.broker,available,72,14,10,,,
eba897b3-2382-4096-b5f4-d986dd5b8925,contracted.broker,available,62,3,10,,,
f2ea3067-80dc-4832-9284-721b8749856f,contrary.broker,available,106,7,8,,,
0f29dd08-e41c-4656-bd3d-8c62ee2521c2,controlled.broker,available,68,7,10,,,
8a987a29-5853-405a-a7f8-2ce0ec357459,convincing.broker,available,90,3,10,,,
a8563856-e317-4409-97ff-912709b891db,cooked.broker,available,70,14,6,,,
2520e0e3-a3e0-4df7-aaa8-64d21d564fd4,cooldown.broker,available,70,9,9,,,
b18a981a-1755-4fb6-9ddd-2590b7c3bedb,coordinate.broker,available,108,17,10,,,
68c92a2b-3943-47c7-87cc-c1a317b7c5db,coral.broker,available,68,32,5,,,
969aee42-a254-41e3-9b97-5c582a0e575d,cordial.broker,available,98,12,7,,,
dd763b2f-ec44-4c50-873c-32c8beab85a9,corny.broker,available,64,7,5,,,
90b19571-86db-4418-a617-da5ae53132c6,correct.broker,available,140,17,7,,,
02490c27-af02-4daf-a300-4737fcebfdbf,corrected.broker,available,70,4,9,,,
ae6480eb-b7fa-4e8e-abd5-22127675116f,corrective.broker,available,86,3,10,,,
97737e36-d44b-48dd-9650-fe305ff3f724,correlate.broker,available,88,7,9,,,
341c3be0-7a80-4250-991d-f0f8cfd92358,corrupt.broker,available,80,12,7,,,
0bd1713c-8a9c-498c-b943-d01fcc790a9d,corrupted.broker,available,52,9,9,,,
95f85f67-64aa-4188-9311-e21a04c835e4,cosmetic.broker,available,86,17,8,,,
5c6f39f8-c266-419e-90b2-47faa47c9958,costly.broker,available,66,6,6,,,
6ccc7b85-d813-4256-9068-67f535907230,countless.broker,available,70,5,9,,,
a1618e7e-782d-43ea-ba59-990a12b61478,courteous.broker,available,70,3,9,,,
594a0296-71bb-4db1-b75f-1b2266c15886,covered.broker,available,74,13,7,,,
7cde0a6f-0aa5-4839-a0cb-6f9e9e0325dc,covert.broker,available,60,17,6,,,
bc8c84e5-b393-4f8d-9daf-3550594d13cc,coveted.broker,available,72,4,7,,,
bf4786bf-4028-4e6c-998f-1bff14b6ddd0,coy.broker,available,64,11,3,,,
75ec94a0-6c7e-4ca4-b892-969356b54430,cozy.broker,available,110,36,4,,,
2ba05da2-cc10-4c86-a7a6-461b94ee2f34,cracked.broker,available,70,20,7,,,
79922ba6-5355-4e09-9987-b377f7c46790,craft.broker,resell,70,40,5,Dynadot Inc,06/08/2025 14:14,06/08/2026 14:14
e4be2226-5fee-45fd-9c3f-0a81cc3b67ba,crafty.broker,available,68,19,6,,,
f364a73a-9d51-44c8-ac47-dcdb588ff001,creative.broker,resell,92,43,8,"Soluciones Corporativas IP, SL",10/03/2018 20:00,10/03/2026 23:59
7a2a5f81-8320-4611-a154-03b4336705c1,creator.broker,available,70,43,7,,,
9cf05f07-4ed0-44b1-b4c3-d4aa84dd0208,creepy.broker,available,60,13,6,,,
2be4c75f-7da3-4c9c-af88-c644066c6754,criminal.broker,available,79,15,8,,,
ffd97392-dab6-43dd-98fb-8e7d5a5e8ab3,crisp.broker,available,68,25,5,,,
b2ae2804-bb22-4c59-84f1-221bfdd8735c,critical.broker,available,82,23,8,,,
6eb178c8-c59e-4514-b688-6533ba602e3d,crowded.broker,available,60,8,7,,,
1bee11b4-fa0f-4f2d-b3a3-1c9d29ef5c38,crucial.broker,available,80,20,7,,,
ddaf30bf-0447-47d5-b44c-f7f552be3293,crude.broker,available,86,11,5,,,
f1444a88-01f5-48be-9c9c-6965a72b1777,crying.broker,available,82,9,6,,,
22a88ecb-cb70-4dbc-87bc-0dccc8e13737,cunning.broker,available,60,7,7,,,
bb94849c-6e78-4e73-adb4-e2b8f79f342c,cure.broker,available,72,26,4,,,
04d0889c-9a74-4ded-aeb2-2f8ee526dacf,curious.broker,available,74,27,7,,,
1fc855cc-9496-444d-89a2-3a55c75d2856,curse.broker,available,78,11,5,,,
b9edf5cf-7a93-4696-b3ec-f345b8200742,custom.broker,available,110,37,6,,,
33bbe1f0-0123-4795-be4d-9bf49734b423,cut.broker,available,124,25,3,,,
0b314176-917c-458d-b00f-4e88d5aea711,cute.broker,available,82,29,4,,,
d604fc93-426b-4f6d-9071-2969cfcd1b0d,damn.broker,available,140,20,4,,,
56677afa-ea33-4805-804f-4d73dac5322d,dead.broker,available,74,28,4,,,
7b36a51c-889f-41fc-bf51-c653745674d8,debate.broker,available,90,21,6,,,
a9091c8d-cb78-4b59-b2be-f292592c2cd8,decorated.broker,available,68,3,9,,,
ea648d98-2462-4931-a355-898cbe7d32e1,dedicated.broker,available,73,15,9,,,
ed8840aa-daef-400a-b02b-9ef858821fbe,deep.broker,resell,72,40,4,Porkbun LLC,21/02/2025 07:25,21/02/2026 07:25
abfa18e2-df6e-49f8-931c-32e20ca371b6,define.broker,available,96,19,6,,,
8626feb3-73d3-45d4-b479-1e44c2a3a34b,defined.broker,available,68,20,7,,,
5e565c83-f3a3-4c84-84a0-2be9a0ad7772,definite.broker,available,84,8,8,,,
03d0ffc8-a141-4967-b901-1aab2fe7825e,delayed.broker,available,56,7,7,,,
f127b85a-1e4e-4832-be7a-e2e18e386325,delicate.broker,available,84,8,8,,,
e91aae6f-cb63-41e0-9a05-abd27310e802,delicious.broker,available,74,19,9,,,
eb4828fc-2b1a-4e44-8844-71ddae4835e9,delightful.broker,available,68,14,10,,,
01c84397-3967-4b8c-937d-9062c0af012f,democratic.broker,available,66,12,10,,,
398967e7-bb63-4114-a9b5-3338baa352f4,derelict.broker,available,92,7,8,,,
724db543-d4c5-4bf9-a437-272f805767a7,described.broker,available,62,4,9,,,
adff9252-709a-40c3-9ae9-738d3ece37c4,desert.broker,available,104,20,6,,,
ea51d712-3c53-420c-8592-a4df0aebfb59,design.broker,resell,108,49,6,"Soluciones Corporativas IP, SL",08/04/2018 10:35,08/04/2026 23:59
51d32399-52a8-4412-b75d-9a7a68bcaa04,designed.broker,available,64,13,8,,,
4638b8c9-8ed3-4503-8b56-bc841a2d6ba4,desired.broker,available,78,11,7,,,
b25eca0c-f939-40c7-ae38-48bf47b395db,despondent.broker,available,47,2,10,,,
c611bcbb-e219-4cc4-85d2-b5b5f8e93f1e,destined.broker,available,70,6,8,,,
4fabd9a5-af23-4482-a008-a26a04c80894,destroyed.broker,available,52,4,9,,,
bed1911f-f1b5-4fb3-95bf-79bfa1e2da59,detached.broker,available,56,7,8,,,
d2b43676-d3e8-4fcb-9e96-20ef55c34868,detailed.broker,available,68,8,8,,,
61d88947-148f-434b-bb6e-9dbee4477a09,detected.broker,available,62,5,8,,,
4749e73a-cea8-4ae2-8915-23451ade8723,detergent.broker,available,80,7,9,,,
f183249f-309e-492e-ba8e-7118660bc5a1,determined.broker,available,72,8,10,,,
f8bece46-8a94-43ba-aeeb-2efd75c4cce3,deuce.broker,available,66,10,5,,,
49698e69-aa1e-45b2-81a2-05135b90c4ba,developed.broker,available,72,6,9,,,
573669a5-f4ae-4576-9fef-a6bd7d0d2bc9,developing.broker,available,74,11,10,,,
970c37e4-f5bc-47b5-97e2-e761401390f0,devoted.broker,available,76,12,7,,,
1286afb1-8ba6-4365-82c2-bd09a55f44b1,different.broker,available,100,24,9,,,
ee148d5f-a6ea-424e-8ba4-16c88b5cbb2a,difficult.broker,available,82,7,9,,,
bb9f7b41-25db-4c0e-9f51-84b1de612969,dignified.broker,available,66,6,9,,,
dbe81191-fbc1-4525-a128-f71c878a0818,diligent.broker,available,68,20,8,,,
7fe49584-4ef5-4c01-91dd-7a16ce5d231f,dip.broker,available,70,21,3,,,
35461ba8-e6ba-4f54-9339-942b77fa2500,diplomatic.broker,available,84,9,10,,,
acc9516d-1a61-4d94-bbbe-a33b94d96997,directed.broker,available,70,10,8,,,
305c3318-d07c-417d-9e23-6b2b532228ab,directing.broker,available,66,4,9,,,
4833e736-9135-454e-bf81-5e836cde6e7f,directly.broker,available,70,9,8,,,
bfa37d62-d42a-4a7a-ad49-99bdd1098aa2,dirty.broker,available,92,24,5,,,
5df0e2fa-593b-43b5-8bd9-831a41757f79,disabled.broker,available,72,9,8,,,
09dbc00c-5e3e-4c63-963b-2e497107f733,disclosed.broker,available,58,5,9,,,
c44655db-861a-443d-9505-ab2ec69ccdf8,discourse.broker,available,88,15,9,,,
0ef964e0-161b-40ab-9aad-1488a09642b1,dismissed.broker,available,50,5,9,,,
52244863-eed9-4a11-8eb2-1df921b83965,distant.broker,available,64,13,7,,,
e4ef36a6-0cbc-42c0-befa-5b62ce08dc93,divert.broker,available,70,8,6,,,
24c0c6d7-e71c-4d11-b808-90131413cb44,doable.broker,available,96,11,6,,,
f02fedb8-f209-499f-847c-e5aadb1b67ec,domestic.broker,available,90,10,8,,,
1ed397c6-7b13-495d-bef7-60cc5639a92c,dominated.broker,available,56,3,9,,,
5d6ccebc-33b1-4fc4-a0dc-bd62ea0b75fe,done.broker,available,80,34,4,,,
b5c99f30-74cf-4d3d-9963-a720164425fc,double.broker,available,92,30,6,,,
4ec9e7f7-b7fd-4888-a89a-6f28fd209c73,doubtful.broker,available,74,4,8,,,
a25fb831-140d-4492-a75a-ba68cf0bcdc9,down.broker,available,76,19,4,,,
72945c5d-9553-4892-a807-164c62f17ee0,downtown.broker,available,94,19,8,,,
64e0c22f-6348-4e34-9033-e8f2ce9774fb,dozen.broker,available,82,11,5,,,
c0d0373c-5a21-4aa3-a9e3-ded1f6ecdfc2,dramatic.broker,available,68,6,8,,,
41c0ffc5-88ad-4e87-9310-933955e4b204,dress.broker,available,100,17,5,,,
e8f00e88-c2c4-438d-9662-4fe6c38bceea,drink.broker,available,100,25,5,,,
04c4ac18-d0ec-468a-9a4d-59e535c705a3,drive.broker,available,100,38,5,,,
82190d83-adf8-44cc-a9ab-6d2785928d4d,driving.broker,available,90,20,7,,,
843d9211-1012-4aa3-8d1e-0401eff7e2b7,drop.broker,available,86,37,4,,,
3d4c4b93-ed02-4272-b22a-35bf9e33ca86,dry.broker,available,80,24,3,,,
10238124-1317-4fc8-921c-40e5df59b9ee,dummy.broker,available,88,15,5,,,
59cc0f52-b875-4263-bd2c-3f1eef241efb,duplicate.broker,available,100,8,9,,,
aa390662-3df7-4c2c-846f-93e7d6b69133,durable.broker,available,90,,7,,,
55b8e4d5-a836-4067-a198-a8967a544112,eight.broker,available,102,25,5,,,
82df0e85-7f04-4d5a-a5f6-e23fda5c7793,eighteen.broker,available,76,9,8,,,
07e71ca2-dc64-4f7f-9682-aba6b2eed0f9,elaborate.broker,available,86,8,9,,,
d96c0212-3d2c-4d0d-9446-c0b7f8bb9434,elaborated.broker,available,64,2,10,,,
8a374f9f-f21f-4ad9-8849-f0d2bc767eee,elderly.broker,available,94,12,7,,,
c594c59f-c257-40e1-b159-f0646d563dfc,element.broker,available,96,30,7,,,
bccaf196-63ba-470c-b648-879465bb6a8e,eleven.broker,available,88,34,6,,,
84eb64c0-0d0d-4892-bd81-071dfbbe42a1,endearing.broker,available,90,3,9,,,
3916c171-89d3-47c2-b8c6-c1e3fdd12d20,engrossed.broker,available,72,2,9,,,
f6e2a5e8-ecd8-4ccf-b98d-634abb58737c,enticing.broker,available,88,3,8,,,
ccf9623f-eff9-4933-b2a2-a0040f8e482d,envious.broker,available,62,7,7,,,
6d1f93a2-ef22-4a30-8f69-f3dc4d48343b,equal.broker,available,116,19,5,,,
e68746ec-cec4-43af-a0de-7ae20429de0d,essential.broker,available,98,28,9,,,
92b512f7-7f73-41f8-af68-f259bb1511b2,esthetic.broker,available,70,9,8,,,
c324a26f-1f0c-4340-80e9-c1b8b7d2808b,esthetical.broker,available,70,2,10,,,
3d4f8748-91c9-4ead-b066-28d0a0ba4442,eternal.broker,available,92,38,7,,,
ed1e74dd-ac23-4891-b988-2755cb6b84f9,ethereal.broker,available,88,31,8,,,
c81f022a-44db-4d59-9f1a-08cd1c2b73fc,exemplary.broker,available,92,6,9,,,
da7d0d4b-e6d2-4644-8e35-1f9e99f1180f,favorite.broker,available,66,22,8,,,
51303137-1104-44d1-863d-71fc4b0f78f1,fear.broker,available,58,17,4,,,
3a804844-1b0e-49e0-b882-6eb7bdce03a9,fearful.broker,available,70,3,7,,,
0ffe99db-4064-4e0b-8b33-7423e0f8031d,female.broker,available,90,17,6,,,
60f9c6fc-f266-4488-8f0e-db60ba08a26f,fifteen.broker,available,88,14,7,,,
b5a0e4fd-ca03-4d17-a78f-4bba609e7e1c,final.broker,available,93,24,5,,,
95815ea9-667c-4880-8a0d-c033f1fb834e,fine.broker,available,80,29,4,,,
fa04de83-7ffa-438c-b976-fc55e41cf5b2,fired.broker,available,52,8,5,,,
563d4892-ad02-4487-b705-74502028cf35,flexible.broker,available,93,15,8,,,
7d2b6d92-faf9-4eaf-afa8-ecab996f9be6,fond.broker,available,116,14,4,,,
ec95ace3-815c-4907-99d8-77d92f15410b,foolish.broker,available,60,14,7,,,
ec19d012-7947-4b7a-ac80-ad01b6f72d23,forced.broker,available,67,6,6,,,
619422f4-d95e-46d0-af8b-eec796e70a8c,forge.broker,available,62,39,5,,,
3c2d1d7f-fa8e-4397-a4ca-2d32095c67e1,forgiving.broker,available,96,3,9,,,
307f3512-2967-4247-839e-4379937dd947,formal.broker,available,94,12,6,,,
546012ab-cab7-44ba-b55b-9b6fa0cfef3c,forward.broker,available,68,39,7,,,
e1ac3c13-5d3a-4fa9-b1fd-cabaf59643c4,four.broker,available,66,32,4,,,
8a563d3d-a7f6-4b17-82ba-77996e263b40,fourteen.broker,available,84,10,8,,,
0ed890b7-ee45-440b-846e-9b27dfe799a9,frustrate.broker,available,74,3,9,,,
d23812d6-cfba-4a3f-b1f6-810679fb8efd,frustrated.broker,available,54,5,10,,,
9fa0d80e-2d0a-497b-96b9-99b011e01b52,fullscale.broker,available,72,8,10,,,
a7578fce-77d3-4188-bb82-589e38aac7a3,fused.broker,available,66,16,5,,,
49a5fb6f-6378-429d-83bc-eb3963a153e2,game.broker,resell,120,49,4,"Spaceship, Inc.",11/05/2022 13:15,11/05/2026 13:15
acc5c038-af2c-453e-a865-1976226b3c67,gather.broker,available,96,39,6,,,
3d1b01b4-fc67-4268-94d3-e9927f92bf26,genial.broker,available,80,19,6,,,
3e9443bf-75e2-4799-b414-44c808e5c90d,goon.broker,available,80,32,5,,,
9fdab9f4-a83d-49a7-a0e9-b2e4846ec455,gracious.broker,available,90,11,8,,,
7b8e98fb-5c18-4a12-81a0-32fb040061c9,grand.broker,available,84,29,5,,,
2e17c3a9-de06-49f7-a2ab-5ee426d3d983,gripping.broker,available,90,4,8,,,
951993bb-f7e7-439c-8a1d-86899c381f4e,halt.broker,available,66,14,4,,,
316af825-b10e-48a9-ae67-5099d5a9230f,handicap.broker,available,78,11,8,,,
74382499-3a76-4f09-8e9e-e160a1c1cc16,hidden.broker,available,65,33,6,,,
71dfa597-b98c-4682-a789-e19a52ad099c,hiding.broker,available,70,6,6,,,
2eb045d8-8bcd-4d4a-93da-ea0c94a15439,historical.broker,available,88,13,10,,,
c134338e-99f9-453c-9670-1f4c9acf6baa,horseback.broker,available,80,4,9,,,
709cac5e-942b-4afa-9c13-d4e95d62cbbf,hotshot.broker,available,112,14,7,,,
3c9aba3b-9865-4e8f-8fbd-cba2c3a117b8,hundred.broker,available,88,15,7,,,
fda2ae08-d8de-4625-9bf8-553092e40f54,hunkydory.broker,available,70,7,10,,,
2f8de25b-a438-4362-9d08-7f9d8bf8476d,idiotic.broker,available,60,5,7,,,
9e77bd2b-6378-4340-916d-e1bcfea031a0,imaginable.broker,available,69,4,10,,,
a40e12ba-cb8a-4235-91bc-66fe634006bc,immediate.broker,available,72,12,9,,,
378bf46d-c297-48e1-9b9a-e1dc377e9c81,improvise.broker,available,76,6,9,,,
5fadfedf-5517-49ee-aa3b-e818d72e9f23,infront.broker,available,60,8,8,,,
2382a1b2-e8f6-482c-aedd-906d7607de4d,instant.broker,available,108,36,7,,,
d3beaa33-5b57-4061-9f33-28bccef22df5,insulting.broker,available,70,3,9,,,
52eaca2f-c9b5-4f45-81cf-80f5dd271fa3,jealous.broker,available,84,7,7,,,
3e537e2c-5cec-4076-8954-bdea842148ac,jump.broker,available,72,31,4,,,
fa3aafd8-e90d-41e0-9209-a29b9297f6b6,justabout.broker,available,58,5,10,,,
a508a1ca-3488-4e89-a03a-ffcce61dca26,kill.broker,available,62,19,4,,,
4b6a11dc-9901-4c85-b6bb-8bc72932cd6f,later.broker,available,74,20,5,,,
99b392e2-16fb-4f64-a6a5-7cae69370c77,leading.broker,available,102,20,7,,,
da8dc079-f768-4d22-bc79-eae7149861da,learned.broker,available,71,10,7,,,
2c228f35-6cec-411e-b829-195ad8318978,licenced.broker,available,68,2,8,,,
19901e6f-08e1-4926-a1db-02c94e400f7a,like.broker,available,84,35,4,,,
7e488562-9322-4e9b-9eeb-97b53817bc82,likewise.broker,available,60,10,8,,,
b99b9352-5337-4ddc-ae20-ec4ca4da28f2,limiting.broker,available,65,2,8,,,
1173d1df-8a66-41da-9859-9d848b899be9,lord.broker,available,84,24,4,,,
0f3976c3-5e15-4f19-acd4-82bdd3285067,lousy.broker,available,60,8,5,,,
16827e0c-4d11-4f05-b028-9873b7a5a63b,lovely.broker,available,72,29,6,,,
616911ae-8357-4c23-ad62-b8357cfd860c,low.broker,available,78,22,3,,,
8efa47f0-8a5f-40dc-82fc-bd8a3106e588,maker.broker,available,70,34,5,,,
969bfc90-5113-4957-a528-6f28cca01df9,manageable.broker,available,74,6,10,,,
0c5f448f-1f7c-4620-801e-d3ff50aac668,mandatory.broker,available,84,7,9,,,
44c33ed5-8c3d-4725-a769-a28e1a4a1bc3,marchon.broker,available,68,7,8,,,
e7e25568-88f3-4a83-aef5-0f52e5362142,mark.broker,available,66,40,4,,,
8485ab0c-c455-4c91-8c0b-13b3728d5c59,mass.broker,available,78,28,4,,,
22524d22-4f57-411e-8fc3-7e267b3f67ad,masterful.broker,available,74,9,9,,,
ea56e6b2-bd95-4014-a23f-1bf379f9ea9c,masterly.broker,available,79,18,8,,,
dd525fc5-6645-468b-b84f-425a13e1296b,material.broker,available,106,23,8,,,
78bded40-8796-4adc-b3bf-de6151aa5c7c,mingle.broker,available,62,19,6,,,
ae46e2ed-c710-404e-a546-d0ffcf189695,mix.broker,available,66,42,3,,,
eb883f8f-fcc8-4312-bc65-516f0293688a,modernday.broker,available,70,6,10,,,
69a5909f-1394-4332-bdb2-940fe1c868c4,moveon.broker,available,72,13,7,,,
17c6c6da-d930-4616-9888-d94525f60c21,mysterious.broker,available,68,19,10,,,
d6eadfaf-7469-4100-93f6-e12529bb4881,nail.broker,available,62,18,4,,,
6d1ea074-bdf6-4c6c-83f3-d0c91ea57ec2,needy.broker,available,58,7,5,,,
caa223cc-7e14-4f9b-acef-bdc382d01e1c,negative.broker,available,112,12,8,,,
5852b2d0-b67e-427a-b00c-242303b93fdb,nervous.broker,available,64,11,7,,,
0beab1fa-9dbe-4b00-8915-5e7ef8b509e3,neutral.broker,available,92,21,7,,,
b1f60b08-d1b2-47f1-bcfb-f0834c1a8f39,nice.broker,available,86,42,4,,,
502c0ef1-fac1-45b7-a15b-8911539c7a0e,nimble.broker,available,94,32,6,,,
a9346c2b-ce5d-4641-9b0f-4b4181792a5f,nine.broker,available,80,29,4,,,
430e17f0-b966-4394-8b91-a6a4bcc6f3ab,nineteen.broker,available,84,10,8,,,
2d32cf2b-5504-4aa4-bddf-8ad14fe315a3,noticeable.broker,available,68,4,10,,,
a4467abd-de51-46ab-94d5-22f2b760ab60,nought.broker,available,92,6,6,,,
fdf9e553-d15f-4e76-8390-b5ea18715a03,nourishing.broker,available,72,8,10,,,
01729375-9992-48f0-bef0-946f30d052c0,nutrient.broker,available,92,9,8,,,
79f4636c-6db9-48ad-b6c7-7bbee1ebb4aa,nutritious.broker,available,80,5,10,,,
09bef6be-62e9-48f8-b2a1-102e94409729,obese.broker,available,78,6,5,,,
2ed23b36-4b99-40e3-a592-a83c9ae78b43,obtuse.broker,available,78,5,6,,,
cb2de945-41a6-4237-91f3-e4741465d0ba,odd.broker,available,72,30,3,,,
e7b2a88d-6378-4e70-9d52-e992b1d474ec,okay.broker,available,146,28,4,,,
90a41205-adac-4c84-9d18-0e353016ac2e,older.broker,available,66,10,5,,,
6c70219a-76ba-4876-aa1d-01d2fedd30e3,one.broker,resell,132,49,3,"NameCheap, Inc.",13/03/2017 21:54,13/03/2027 23:59
dc6fbdec-9509-4aa9-8dbd-640e2f1bc886,only.broker,available,110,41,4,,,
378d0c11-b455-4fdb-9962-e8a434372bd6,opposite.broker,available,92,9,8,,,
830ce782-4d05-4e9c-8f5f-0d4cba4e6052,organic.broker,available,93,30,7,,,
d6fb6b4d-62a0-4357-8830-ced8e311b50a,organise.broker,available,76,9,8,,,
acf1e0d2-e77a-4d99-b2ab-62cd6228b37d,organize.broker,available,82,19,8,,,
312b687d-1b25-4b02-88a5-a8b2b870797a,orso.broker,available,62,11,5,,,
024ad83b-674b-4f7e-9f98-b996c4e94bef,outdoors.broker,available,88,17,8,,,
f15c9885-5105-4753-a6ba-3ad347d2a005,outlaw.broker,available,62,20,6,,,
55dee1f0-a592-4748-a1b0-2700a45ccfbf,outside.broker,available,60,26,7,,,
99bbb69f-b70e-45be-aec5-35f9b38eb434,over.broker,available,80,25,4,,,
602f906a-c6e3-4e70-a5d0-6a13b2911d2e,overnight.broker,available,112,16,9,,,
f350a9d6-0586-4eb6-85b2-53e8bf03464e,overseas.broker,available,68,14,8,,,
95e27b1e-f0f0-4fd8-a6c5-2ca18b12f1d5,pack.broker,available,100,30,4,,,
63909670-5bfd-4f24-9dcc-d1875b7e9096,passon.broker,available,72,7,7,,,
e25860eb-f567-4205-a858-450dddceffc1,pervert.broker,available,80,9,7,,,
ca2e43d9-6e83-4978-a5e5-85d0a3fa4d11,pity.broker,available,112,7,4,,,
188a6298-5525-4017-b6a9-bf1de5dfc0fc,planned.broker,available,74,10,7,,,
759485ae-1317-4ab2-acf9-39c21268ac70,planted.broker,available,68,10,7,,,
dc15beed-037c-4832-ba6d-cf525f999ce2,playing.broker,available,74,14,7,,,
6deb9d28-d9c0-4025-b320-4b6bdff20000,plotted.broker,available,72,4,7,,,
3e39caaa-c704-4042-ac22-5ba34adf241f,pop.broker,available,82,41,3,,,
0345f1ae-c13f-4059-9f85-f2200d8f91a4,practiced.broker,available,70,4,9,,,
6469e63b-5171-4ec5-bcc4-71818fac2b08,prepared.broker,available,66,13,8,,,
418ee4b0-f33a-4f26-84ce-85a1384425a9,preventive.broker,available,84,6,10,,,
61e177fb-5d48-47aa-a9a2-95990b30f09c,proficient.broker,available,88,10,10,,,
e4d1f6f5-19ef-420c-a5a7-0922482c3c87,progress.broker,available,82,32,8,,,
77b1d3d3-9ab6-4559-a932-d924463299a7,rag.broker,available,54,22,3,,,
afa859e3-8451-437d-8e14-3a1441344865,realised.broker,available,71,4,8,,,
d03d2ea5-b03a-4d17-b897-b2903c50fa71,realizable.broker,available,74,2,10,,,
7e2fc376-349d-424d-8768-34bcc8a7374a,realized.broker,available,71,9,8,,,
a43c5e7e-b2fb-4a2b-b11c-9ce8f176b9b6,recognised.broker,available,78,3,10,,,
e7210a9d-f0ab-49c9-be38-ec6a43a6a44a,recognized.broker,available,78,5,10,,,
49e12159-d296-4e31-9f7a-aa119074d8a1,recovering.broker,available,70,6,10,,,
76c5384e-95d9-4eb7-8577-cc3ac86a765f,rectify.broker,available,78,14,7,,,
7846d461-2e06-45e7-895f-90a1e2001fec,reduce.broker,available,78,12,6,,,
7d89cfc7-ef21-4684-8055-93bd13e98568,remedial.broker,available,86,25,8,,,
6ecff42c-6f31-4f1d-838b-f30fc21c144c,remove.broker,available,100,15,6,,,
93c224cc-f97d-4ed7-8433-0b08160df6a3,repeat.broker,available,96,15,6,,,
a472e5b9-01d3-498f-8ee8-c93d354df25c,required.broker,available,68,9,8,,,
6de74932-ddc7-486a-8a3a-b4a8e8ecc679,resume.broker,available,98,30,6,,,
66d0a91c-1725-455f-89ce-f50d3c2c31c4,reverse.broker,available,114,28,7,,,
be34eb69-aa82-423b-b90f-01596ff719cb,ridiculous.broker,available,58,11,10,,,
f430b11e-3c37-4129-a55c-d7e1f16f743c,right.broker,available,82,29,5,,,
abc92449-2ad8-40c0-bf4a-aab3eeceee59,riveting.broker,available,90,8,8,,,
4d1710c1-9457-46a7-8eae-163f02a2b80f,rotten.broker,available,68,13,6,,,
e300d51c-1090-4087-a55f-b7e46e2c1f22,roughly.broker,available,62,5,7,,,
f429b8d5-8b56-481d-98f8-9ee751c31311,sacked.broker,available,56,5,6,,,
31ce378c-fe35-4e7d-a03a-74912de6a519,sad.broker,available,72,26,3,,,
e81f9206-e7a7-460f-aa77-93765a55da42,satanic.broker,available,48,13,7,,,
d59d1883-9e6e-4d79-be55-5a6b2fae163c,scornful.broker,available,50,2,8,,,
4070e512-d9ac-4b81-99fa-7399455d5366,second.broker,available,120,25,6,,,
2365a0cc-62fa-484b-bb6c-43b82bc87b47,seize.broker,available,69,8,5,,,
3e2f0498-67e4-41b6-888b-d206e0bfd4d7,selfless.broker,available,70,11,8,,,
58e0e5ae-a39c-4635-9ab9-f74e3e8906d5,senior.broker,available,70,30,6,,,
66490299-4809-4aa3-9ee8-ecf178c6ca85,sensation.broker,available,74,9,9,,,
9972222e-922a-45cd-88b5-229f49bbbb3b,separate.broker,available,98,7,8,,,
a75c9942-1aa1-45f7-9456-44823b162d78,shared.broker,available,70,41,6,,,
3b070804-a405-4c2e-a2ee-a2c8a8814d31,sharp.broker,available,84,36,5,,,
747f26ab-6910-4987-a810-71f5e85fd315,shocking.broker,available,68,7,8,,,
2897c107-73d9-4bc5-ba76-5c3b414619c8,short.broker,available,76,33,5,,,
f6a043b0-3cb0-4b90-bb18-bffb7c662bef,sideways.broker,available,70,11,8,,,
a9306b17-3424-4d27-a727-1c10aa2f3487,silly.broker,available,82,24,5,,,
ee02dc45-f5ce-46de-a661-041eb61f6e49,single.broker,available,74,23,6,,,
f5bfbc56-1d1b-4128-9503-f338fda01e6e,sixteen.broker,available,88,13,7,,,
8f613c3b-9859-441d-8b09-2aa04d500ef9,skilful.broker,available,74,4,7,,,
0822a148-9f56-4599-8626-cce1d5330785,skillful.broker,available,70,10,8,,,
e08b7345-ab79-4557-bf92-5d5ecfa52650,slick.broker,available,66,19,5,,,
3de17b24-161b-4889-a2ef-327c77182079,sly.broker,available,60,17,3,,,
81d2a62c-14cd-4706-a8e5-06db5f4ccd04,soft.broker,available,124,32,4,,,
ccc36756-7e66-4d78-9a76-54252f304cbc,some.broker,available,80,35,4,,,
2a981b06-8d1f-4fb0-9291-a376a2ff0461,sorry.broker,available,140,17,5,,,
08128b5d-2942-45d9-9715-0a45d7ce2687,split.broker,available,46,27,5,,,
9c95cb03-548d-441b-ac0e-f564a0dcd144,spread.broker,available,92,21,6,,,
93070c75-cce0-4ee7-8dde-05b6f49d4700,staring.broker,available,64,7,7,,,
04925e47-f707-45b5-8799-a3a3cb31fa54,strained.broker,available,61,2,8,,,
8e096103-fc55-48a6-b173-8cc834ff3d5b,stretch.broker,available,100,26,7,,,
da76494c-f343-4a97-8a7d-7cb2dd715853,strip.broker,available,84,18,5,,,
217232fd-4cef-478c-8dd0-74785525b27c,substitute.broker,available,90,5,10,,,
8ca1cc9f-1f09-4bb7-a932-cb58f6b3509e,succinct.broker,available,69,9,8,,,
761e8d66-99ec-49ff-ab18-d5c717bfa600,sum.broker,available,66,25,3,,,
01fb975e-b89a-4a30-b22e-590cabb3387a,summary.broker,available,71,16,7,,,
6c99b857-2726-48f7-b8fa-907c7d59c717,superstar.broker,available,80,21,9,,,
4185b14f-1a91-4b22-b172-c181e97a2273,supposed.broker,available,72,3,8,,,
dc3d4b43-7eae-4d22-af43-c0db2047b9c3,surrogate.broker,available,100,9,9,,,
e58a27c4-f5ec-4d71-9c4c-c8b1c69965d1,swollen.broker,available,65,3,7,,,
9ed150fa-19a5-4f43-9d10-2e29bd83aa2c,tears.broker,available,68,8,5,,,
d4ebe781-3fc3-43f8-a6a2-6accc2f1b9fc,teen.broker,available,104,19,4,,,
5967adb6-d045-4e9b-8d4a-bf123c83d704,teenager.broker,available,66,8,8,,,
65eb8ea5-1d6a-4879-8c87-4bbebd8ea3c1,tempting.broker,available,88,5,8,,,
386bbf52-a8d1-47d1-a4ba-90618fbc21b2,ten.broker,available,88,30,3,,,
f541764f-4fa9-4769-8eab-20d3d862b976,tenner.broker,available,66,6,6,,,
51bc50b9-9c84-4b8c-9b89-9cd8d5850769,tenth.broker,available,116,9,5,,,
5824c7e8-3225-4251-bdca-941fb4e00b37,terminal.broker,available,104,33,8,,,
85441f09-470f-4a0c-9e7b-02f450d0e171,thirteen.broker,available,84,12,8,,,
85eb967d-6c3f-4e25-b9db-0d5e46a81e68,thou.broker,available,60,8,4,,,
115f292b-440f-4bf8-bddf-0a0ac7539f71,thousand.broker,available,84,10,8,,,
b02a1dd9-7ce2-4222-a2b0-7cf90793e047,three.broker,available,88,29,5,,,
93901413-680b-49f0-a2c6-a86974b08c0f,through.broker,available,92,11,7,,,
41868895-fcfd-4ed7-bd08-ece7fc163a72,tonic.broker,available,114,25,5,,,
56c4dd44-d33f-4491-87e3-9e1a1859f630,total.broker,available,108,37,5,,,
0b733e03-cec1-44d2-a543-c84d264d2d66,totally.broker,available,70,17,7,,,
f3dd2a51-8e16-476c-8a1d-9af470f3b955,track.broker,available,94,40,5,,,
ceb417a6-51a7-47d4-8ac2-a8b41875f983,treat.broker,available,72,20,5,,,
bb1e4f65-bef7-4a5d-ac6a-d8b95dd494a8,trinity.broker,available,72,25,7,,,
45b98378-038e-4d32-ac63-ceebc0157252,trio.broker,available,80,22,4,,,
54740a55-2bdc-4367-9ebb-4c3ac7432f46,true.broker,available,86,48,4,,,
96542d4c-4331-4ccd-90f7-28213e280e16,twelve.broker,available,88,21,6,,,
d982ca5a-d6fb-4529-bb8b-7e311c7c9ef1,twentieth.broker,available,92,3,9,,,
0767505f-5f99-4014-a466-904fc1aaacaa,twenty.broker,available,80,14,6,,,
ea9d95be-ebc9-43a4-af0e-4b9d97f726be,twentyone.broker,available,84,14,10,,,
082bf0ee-77bc-45b8-b74f-aa68d174dca6,twentysix.broker,available,78,9,10,,,
467ff672-6c24-49ae-b56d-e8b3ad6320e0,twentytwo.broker,available,84,12,10,,,
550d8463-1079-4b39-a4bf-4fb99ccc3587,two.broker,available,80,26,3,,,
2e270bdd-6f90-4624-bbdd-d2a7173dcebb,typical.broker,available,82,12,7,,,
42f96e89-d0eb-4c14-a838-cad9765fa14c,ugly.broker,available,96,25,4,,,
5d59e49c-da4d-4ff9-a79b-fa635ca69393,unity.broker,available,70,40,5,,,
77e81162-358c-45a4-ae55-86f28ae3e69c,upset.broker,available,90,8,5,,,
02c5ca94-ddba-4aa9-94f9-7033878f31fe,uptodate.broker,available,70,9,10,,,
f67a099d-e3ad-415e-ada7-e2573a326e6e,usage.broker,available,70,8,5,,,
a68d0ed0-0ba8-4a9f-88c6-5a8ae205ac14,verywell.broker,available,68,9,9,,,
b797abcc-4007-4ecd-9fe6-69f067f08d99,virtuoso.broker,available,94,18,8,,,
587cedae-4a29-4ae5-a20e-8bb6b9188bcc,warm.broker,available,112,19,4,,,
30a95a87-541b-4ae1-aa1a-7bdcc79f9ff2,weak.broker,available,62,9,4,,,
32027ab5-2809-459c-b571-2342f92eee63,wealthy.broker,available,78,22,7,,,
7cc479d0-289d-4801-ac88-01aafa143a64,whiz.broker,available,100,15,4,,,
1cec12ee-3230-4a5a-a5c4-05737ef747c8,whizz.broker,available,98,10,5,,,
4c538350-3d73-4d20-a1ff-b13b03b4991e,whole.broker,available,104,21,5,,,
07463113-3bf3-4ced-a7e1-4949e3f35ffa,wicked.broker,available,70,28,6,,,
fb6b85b2-60b3-495e-a7f6-239ac2fb30cf,wide.broker,available,88,19,4,,,
bd5763a0-7165-476e-b590-c8bb009942c9,wiz.broker,available,80,29,3,,,
2c1805fe-4436-4d57-a69e-9a619972aa22,wizard.broker,available,118,45,6,,,
b641626b-9d39-4340-8f17-091ed670e0b4,worried.broker,available,72,6,7,,,
baac709f-38e5-41f9-b551-e816fd5fa7d7,xii.broker,available,66,12,3,,,
c3a4d694-194a-4b25-8594-270500b45f87,xiii.broker,available,66,10,4,,,
dbec349a-f419-48c8-829c-d7aac0220944,xiv.broker,available,86,14,3,,,
cba30412-5734-4fc8-a9d5-8a4e9e17576e,xix.broker,available,86,12,3,,,
03e41f6c-84e1-4066-a0e4-ebc3c8838213,xvi.broker,available,66,7,3,,,
5b9134db-2eb6-40cc-8fdb-70eea032baba,xvii.broker,available,66,7,4,,,
972c4f99-149f-4691-806b-b93b3672bd40,xviii.broker,available,66,5,5,,,
1fa49a76-8c7d-44de-a74f-1195b974491a,xxi.broker,available,66,12,3,,,
91be9b7a-eb74-4476-99ba-c6291d974ab3,xxii.broker,available,66,7,4,,,
a934e262-42b2-4c71-8e69-ee6ac3f7eef3,xxv.broker,available,66,9,3,,,
c681a647-3124-4ebe-85ed-689c37f35d17,xxvi.broker,available,66,4,4,,,